frame,n,pct
conspiracy_misinfo,1738,0.10310256866583616
mandate_rights,1914,0.11354333511300943
medical,10602,0.6289375333689269
other,2603,0.15441656285222757
