party_simple,frame,n,pct
Democrat,conspiracy_misinfo,840,0.07634975459007454
Democrat,mandate_rights,289,0.026267951281585166
Democrat,medical,8167,0.7423195782584985
Democrat,other,1706,0.15506271586984186
Republican,conspiracy_misinfo,897,0.15383296175613104
Republican,mandate_rights,1625,0.2786829017321214
Republican,medical,2417,0.4145086606071
Republican,other,892,0.15297547590464758
