term,estimate,std.error,statistic,p.value
Republican (vs Democrat),1.6115841830081457,0.06062001704131007,26.585016990508542,1.011643414578105e-155
Similarity: Hoax/Misinformation,16.994763471689517,0.5831540416868988,29.1428374954386,1.029593581626174e-186
Similarity: Mandate/Freedom,16.95570258274844,0.49962747309778005,33.93668982536136,1.9171329213623393e-252
Similarity: Medical/Safety,-28.14576124199028,0.5747153482791374,-48.97339409199139,0
