stance,n,pct
anti_vaccine,2849,0.1690099068636175
mixed_or_unclear,3315,0.196654208933974
pro_vaccine,10693,0.6343358842024085
