party_simple,stance,n,pct
Democrat,anti_vaccine,674,0.06126158880203599
Democrat,mixed_or_unclear,2016,0.18323941101617888
Democrat,pro_vaccine,8312,0.7554990001817852
Republican,anti_vaccine,2175,0.373006345395301
Republican,mixed_or_unclear,1292,0.22157434402332363
Republican,pro_vaccine,2364,0.4054193105813754
