year,brand_main,n,share_anti
2020,AstraZeneca,84,0.09523809523809518
2020,Moderna,124,0
2020,Other,2991,0.18121029755934442
2020,Pfizer,249,0.024096385542168676
2021,AstraZeneca,227,0.13215859030837004
2021,Moderna,72,0.04166666666666667
2021,Other,11463,0.1646165925150499
2021,Pfizer,675,0.042962962962962585
2022,Other,3,0
