year,party_simple,n,share_anti
2020,Democrat,1743,0.12105565117613311
2020,Republican,1699,0.20306062389640994
2021,Democrat,8632,0.028614457831325532
2021,Republican,3790,0.44907651715039415
2022,Democrat,1,0
2022,Republican,2,0
