brand_main,politicized,medicalized,n
AstraZeneca,0.5485476187889157,0.3033032769096884,334
Moderna,0.5537501279048204,0.3173526878084993,202
Other,0.5668803269165372,0.30454047994540007,15381
Pfizer,0.5485052792041696,0.33733048562638557,940
